customer_id,name,email,lifetime_value,subscription_status,previous_successes,previous_failures,previous_recovery_attempts,previous_recoveries,days_since_last_success
C1001,Customer 1,customer1@example.com,17728,active,6,3,2,1,11
C1002,Customer 2,customer2@example.com,17691,active,5,2,2,1,2
C1003,Customer 3,customer3@example.com,16642,active,5,1,0,0,36
C1004,Customer 4,customer4@example.com,26769,active,7,4,0,0,0
C1005,Customer 5,customer5@example.com,45429,active,6,0,1,0,22
C1006,Customer 6,customer6@example.com,59812,active,4,1,1,0,15
C1007,Customer 7,customer7@example.com,29095,active,9,0,0,0,5
C1008,Customer 8,customer8@example.com,20555,cancelled,6,0,0,0,39
C1009,Customer 9,customer9@example.com,2465,active,10,0,3,2,1
C1010,Customer 10,customer10@example.com,36715,cancelled,9,0,1,0,10
C1011,Customer 11,customer11@example.com,13073,paused,4,2,2,1,15
C1012,Customer 12,customer12@example.com,93490,active,4,0,2,1,3
C1013,Customer 13,customer13@example.com,68835,active,6,0,2,1,11
C1014,Customer 14,customer14@example.com,43208,active,6,4,0,0,2
C1015,Customer 15,customer15@example.com,144234,active,3,1,0,0,15
C1016,Customer 16,customer16@example.com,41210,active,8,0,1,1,54
C1017,Customer 17,customer17@example.com,22001,cancelled,9,0,1,1,39
C1018,Customer 18,customer18@example.com,51154,cancelled,8,3,0,0,14
C1019,Customer 19,customer19@example.com,33158,active,8,4,3,2,7
C1020,Customer 20,customer20@example.com,31525,cancelled,2,1,1,1,0
C1021,Customer 21,customer21@example.com,230990,active,6,0,0,0,15
C1022,Customer 22,customer22@example.com,141361,cancelled,7,0,4,3,4
C1023,Customer 23,customer23@example.com,21727,paused,9,1,0,0,1
C1024,Customer 24,customer24@example.com,145045,active,7,1,3,3,15
C1025,Customer 25,customer25@example.com,17364,paused,5,1,4,3,27
C1026,Customer 26,customer26@example.com,32429,cancelled,3,3,2,1,24
C1027,Customer 27,customer27@example.com,36017,active,10,3,2,0,12
C1028,Customer 28,customer28@example.com,23929,active,8,1,2,1,1
C1029,Customer 29,customer29@example.com,7307,active,4,1,2,0,44
C1030,Customer 30,customer30@example.com,7580,paused,8,1,1,1,1
C1031,Customer 31,customer31@example.com,41202,active,9,1,3,2,14
C1032,Customer 32,customer32@example.com,28251,active,6,3,1,1,6
C1033,Customer 33,customer33@example.com,25178,active,9,5,2,0,65
C1034,Customer 34,customer34@example.com,20868,active,8,0,8,5,2
C1035,Customer 35,customer35@example.com,21502,active,6,2,3,3,0
C1036,Customer 36,customer36@example.com,64499,active,5,1,1,0,6
C1037,Customer 37,customer37@example.com,24085,active,9,2,1,1,2
C1038,Customer 38,customer38@example.com,25140,paused,3,2,1,1,0
C1039,Customer 39,customer39@example.com,28331,active,3,0,1,0,0
C1040,Customer 40,customer40@example.com,3447,active,5,0,2,2,6
C1041,Customer 41,customer41@example.com,23977,active,5,0,3,2,4
C1042,Customer 42,customer42@example.com,11384,cancelled,2,1,1,0,13
C1043,Customer 43,customer43@example.com,61917,active,7,0,1,1,64
C1044,Customer 44,customer44@example.com,150012,active,3,0,0,0,3
C1045,Customer 45,customer45@example.com,42227,paused,4,2,4,1,12
C1046,Customer 46,customer46@example.com,11161,cancelled,6,0,0,0,14
C1047,Customer 47,customer47@example.com,15650,active,5,1,0,0,17
C1048,Customer 48,customer48@example.com,53328,paused,9,1,0,0,20
C1049,Customer 49,customer49@example.com,21095,active,5,0,3,1,8
C1050,Customer 50,customer50@example.com,63123,cancelled,7,3,2,2,23
C1051,Customer 51,customer51@example.com,85671,active,7,0,3,3,3
C1052,Customer 52,customer52@example.com,18030,cancelled,7,2,2,1,10
C1053,Customer 53,customer53@example.com,31745,active,7,0,2,0,8
C1054,Customer 54,customer54@example.com,29439,cancelled,8,0,2,1,7
C1055,Customer 55,customer55@example.com,2375,active,7,0,0,0,36
C1056,Customer 56,customer56@example.com,25620,active,3,1,1,1,1
C1057,Customer 57,customer57@example.com,271830,active,7,0,0,0,1
C1058,Customer 58,customer58@example.com,9932,active,7,3,2,2,18
C1059,Customer 59,customer59@example.com,16779,active,3,1,0,0,15
C1060,Customer 60,customer60@example.com,41791,active,6,1,2,2,3
C1061,Customer 61,customer61@example.com,6627,active,3,2,1,0,7
C1062,Customer 62,customer62@example.com,46416,active,9,1,1,0,4
C1063,Customer 63,customer63@example.com,163573,paused,6,1,1,0,3
C1064,Customer 64,customer64@example.com,51319,active,1,3,1,0,8
C1065,Customer 65,customer65@example.com,6825,paused,3,1,1,1,19
C1066,Customer 66,customer66@example.com,13113,active,7,0,1,1,13
C1067,Customer 67,customer67@example.com,42182,active,3,2,1,0,4
C1068,Customer 68,customer68@example.com,43448,active,4,2,4,2,28
C1069,Customer 69,customer69@example.com,10168,active,5,2,2,0,53
C1070,Customer 70,customer70@example.com,69413,active,7,0,0,0,1
C1071,Customer 71,customer71@example.com,51126,active,5,1,3,1,92
C1072,Customer 72,customer72@example.com,28066,active,11,0,1,1,3
C1073,Customer 73,customer73@example.com,23175,cancelled,1,2,1,0,43
C1074,Customer 74,customer74@example.com,12797,active,8,0,0,0,3
C1075,Customer 75,customer75@example.com,36653,cancelled,6,1,2,2,3
C1076,Customer 76,customer76@example.com,19170,active,6,5,0,0,7
C1077,Customer 77,customer77@example.com,79623,active,5,1,2,1,16
C1078,Customer 78,customer78@example.com,36637,paused,13,2,1,1,20
C1079,Customer 79,customer79@example.com,48095,paused,4,0,3,1,1
C1080,Customer 80,customer80@example.com,188514,active,9,0,1,0,6
C1081,Customer 81,customer81@example.com,23910,cancelled,6,1,0,0,22
C1082,Customer 82,customer82@example.com,4308,active,7,1,0,0,17
C1083,Customer 83,customer83@example.com,8722,active,8,0,3,1,9
C1084,Customer 84,customer84@example.com,98655,active,9,3,0,0,2
C1085,Customer 85,customer85@example.com,17906,active,4,1,2,1,5
C1086,Customer 86,customer86@example.com,3036,active,5,0,1,1,14
C1087,Customer 87,customer87@example.com,22899,active,3,1,1,1,12
C1088,Customer 88,customer88@example.com,13923,paused,4,2,1,1,18
C1089,Customer 89,customer89@example.com,10631,active,9,2,0,0,23
C1090,Customer 90,customer90@example.com,16707,active,10,0,1,0,19
C1091,Customer 91,customer91@example.com,48392,active,5,2,4,1,3
C1092,Customer 92,customer92@example.com,6510,cancelled,7,1,2,0,8
C1093,Customer 93,customer93@example.com,25790,active,6,1,1,1,1
C1094,Customer 94,customer94@example.com,41329,active,6,1,0,0,0
C1095,Customer 95,customer95@example.com,51785,paused,8,0,0,0,0
C1096,Customer 96,customer96@example.com,28190,paused,5,0,2,0,15
C1097,Customer 97,customer97@example.com,34506,paused,6,1,0,0,8
C1098,Customer 98,customer98@example.com,14978,active,10,3,2,2,16
C1099,Customer 99,customer99@example.com,23504,active,9,1,3,2,0
C1100,Customer 100,customer100@example.com,30122,active,6,1,0,0,13
C1101,Customer 101,customer101@example.com,93512,active,7,1,2,0,18
C1102,Customer 102,customer102@example.com,44690,cancelled,3,2,1,0,6
C1103,Customer 103,customer103@example.com,11111,cancelled,4,2,2,2,17
C1104,Customer 104,customer104@example.com,21978,active,5,3,0,0,15
C1105,Customer 105,customer105@example.com,20630,cancelled,10,0,1,0,1
C1106,Customer 106,customer106@example.com,82699,paused,7,0,2,2,7
C1107,Customer 107,customer107@example.com,44895,cancelled,8,1,0,0,4
C1108,Customer 108,customer108@example.com,116489,paused,3,1,1,1,1
C1109,Customer 109,customer109@example.com,44466,active,8,3,1,1,17
C1110,Customer 110,customer110@example.com,28807,active,5,3,1,0,39
C1111,Customer 111,customer111@example.com,14273,active,6,3,1,0,12
C1112,Customer 112,customer112@example.com,21698,cancelled,9,1,4,1,5
C1113,Customer 113,customer113@example.com,27155,paused,4,3,4,2,2
C1114,Customer 114,customer114@example.com,8261,active,2,0,3,2,10
C1115,Customer 115,customer115@example.com,16199,active,6,0,2,2,5
C1116,Customer 116,customer116@example.com,18585,active,3,3,2,2,32
C1117,Customer 117,customer117@example.com,58500,active,7,1,0,0,2
C1118,Customer 118,customer118@example.com,13137,active,2,0,4,2,9
C1119,Customer 119,customer119@example.com,34766,paused,4,2,1,0,23
C1120,Customer 120,customer120@example.com,32415,cancelled,5,2,4,2,2
C1121,Customer 121,customer121@example.com,13065,active,4,1,0,0,5
C1122,Customer 122,customer122@example.com,86589,paused,5,2,0,0,1
C1123,Customer 123,customer123@example.com,99713,paused,6,3,0,0,20
C1124,Customer 124,customer124@example.com,135855,cancelled,6,1,2,2,3
C1125,Customer 125,customer125@example.com,24712,paused,13,0,3,1,25
C1126,Customer 126,customer126@example.com,24901,cancelled,8,3,0,0,9
C1127,Customer 127,customer127@example.com,120923,active,1,2,2,1,3
C1128,Customer 128,customer128@example.com,38376,cancelled,3,1,1,0,6
C1129,Customer 129,customer129@example.com,6815,active,6,3,2,1,1
C1130,Customer 130,customer130@example.com,83811,active,6,3,2,2,6
C1131,Customer 131,customer131@example.com,105040,cancelled,7,0,0,0,96
C1132,Customer 132,customer132@example.com,47464,active,8,2,1,1,0
C1133,Customer 133,customer133@example.com,32374,active,9,2,0,0,10
C1134,Customer 134,customer134@example.com,19137,active,6,2,0,0,4
C1135,Customer 135,customer135@example.com,29480,active,6,1,1,1,6
C1136,Customer 136,customer136@example.com,9721,paused,6,1,2,1,3
C1137,Customer 137,customer137@example.com,67221,active,6,0,1,1,29
C1138,Customer 138,customer138@example.com,295630,paused,4,1,0,0,43
C1139,Customer 139,customer139@example.com,15280,active,6,2,0,0,4
C1140,Customer 140,customer140@example.com,46269,active,8,3,0,0,9
C1141,Customer 141,customer141@example.com,28597,cancelled,9,1,4,3,17
C1142,Customer 142,customer142@example.com,57959,active,7,0,2,1,14
C1143,Customer 143,customer143@example.com,78326,cancelled,9,2,0,0,19
C1144,Customer 144,customer144@example.com,276677,active,8,2,1,0,6
C1145,Customer 145,customer145@example.com,53489,active,4,0,1,0,6
C1146,Customer 146,customer146@example.com,83395,cancelled,8,0,1,0,4
C1147,Customer 147,customer147@example.com,34386,cancelled,5,1,5,3,1
C1148,Customer 148,customer148@example.com,48307,active,7,0,2,0,5
C1149,Customer 149,customer149@example.com,37442,active,6,1,1,1,4
C1150,Customer 150,customer150@example.com,140697,active,2,1,1,1,34
C1151,Customer 151,customer151@example.com,36782,active,6,1,4,3,1
C1152,Customer 152,customer152@example.com,76661,cancelled,12,2,1,1,1
C1153,Customer 153,customer153@example.com,22066,cancelled,8,0,1,1,14
C1154,Customer 154,customer154@example.com,4183,active,3,0,0,0,0
C1155,Customer 155,customer155@example.com,29530,cancelled,6,1,1,0,10
C1156,Customer 156,customer156@example.com,3842,active,6,3,3,1,0
C1157,Customer 157,customer157@example.com,105795,paused,4,1,1,1,1
C1158,Customer 158,customer158@example.com,17294,active,6,4,0,0,34
C1159,Customer 159,customer159@example.com,31066,active,3,1,2,1,19
C1160,Customer 160,customer160@example.com,10668,active,10,3,1,0,18
C1161,Customer 161,customer161@example.com,87489,active,5,1,0,0,6
C1162,Customer 162,customer162@example.com,94477,active,5,0,3,2,0
C1163,Customer 163,customer163@example.com,21313,active,4,1,0,0,5
C1164,Customer 164,customer164@example.com,113411,active,10,1,1,0,11
C1165,Customer 165,customer165@example.com,10244,cancelled,6,1,2,1,14
C1166,Customer 166,customer166@example.com,33366,active,9,1,1,0,19
C1167,Customer 167,customer167@example.com,33851,active,6,2,2,1,5
C1168,Customer 168,customer168@example.com,68961,paused,10,2,0,0,28
C1169,Customer 169,customer169@example.com,18602,active,8,0,3,2,24
C1170,Customer 170,customer170@example.com,13733,cancelled,3,3,0,0,20
C1171,Customer 171,customer171@example.com,22653,active,9,1,1,1,24
C1172,Customer 172,customer172@example.com,16422,active,5,2,0,0,1
C1173,Customer 173,customer173@example.com,28882,paused,6,1,1,0,6
C1174,Customer 174,customer174@example.com,27469,cancelled,7,1,4,3,22
C1175,Customer 175,customer175@example.com,15312,active,5,1,0,0,4
C1176,Customer 176,customer176@example.com,27278,active,3,0,2,1,4
C1177,Customer 177,customer177@example.com,43045,cancelled,8,2,2,1,50
C1178,Customer 178,customer178@example.com,12903,cancelled,7,2,1,1,6
C1179,Customer 179,customer179@example.com,64463,paused,6,2,0,0,5
C1180,Customer 180,customer180@example.com,113780,active,7,1,1,1,10
C1181,Customer 181,customer181@example.com,22109,cancelled,3,1,0,0,7
C1182,Customer 182,customer182@example.com,2502,active,3,3,4,4,22
C1183,Customer 183,customer183@example.com,65499,active,3,0,2,0,28
C1184,Customer 184,customer184@example.com,7972,paused,5,1,1,1,20
C1185,Customer 185,customer185@example.com,36495,active,8,1,0,0,22
C1186,Customer 186,customer186@example.com,10995,paused,7,1,3,3,0
C1187,Customer 187,customer187@example.com,192699,cancelled,6,1,1,1,0
C1188,Customer 188,customer188@example.com,4890,paused,3,4,1,0,78
C1189,Customer 189,customer189@example.com,136477,active,6,2,7,5,15
C1190,Customer 190,customer190@example.com,22656,active,5,0,2,1,3
C1191,Customer 191,customer191@example.com,8024,active,5,2,1,0,37
C1192,Customer 192,customer192@example.com,6355,active,8,0,1,1,3
C1193,Customer 193,customer193@example.com,159340,active,1,0,3,2,21
C1194,Customer 194,customer194@example.com,6582,active,9,1,2,2,1
C1195,Customer 195,customer195@example.com,36787,cancelled,9,2,1,1,8
C1196,Customer 196,customer196@example.com,17352,cancelled,4,1,0,0,19
C1197,Customer 197,customer197@example.com,100083,active,9,0,4,2,1
C1198,Customer 198,customer198@example.com,5721,cancelled,6,0,1,0,21
C1199,Customer 199,customer199@example.com,8356,active,8,4,1,0,29
C1200,Customer 200,customer200@example.com,8955,active,9,0,1,0,52
