transaction_id,customer_id,amount,status,failure_reason,timestamp
T0001,C1125,559.41,failed,expired_card,2026-09-24T00:59:03
T0002,C1071,226.46,failed,card_declined,2026-09-21T20:59:03
T0003,C1052,1460.93,failed,card_declined,2026-09-14T15:59:03
T0004,C1031,1223.5,success,,2026-09-17T09:59:03
T0005,C1149,1327.97,failed,do_not_honor,2026-09-16T17:59:03
T0006,C1190,665.58,success,,2026-09-23T17:59:03
T0007,C1001,3506.71,success,,2026-09-11T16:59:03
T0008,C1189,2080.8,success,,2026-09-26T21:59:03
T0009,C1060,2685.94,failed,insufficient_funds,2026-09-19T21:59:03
T0010,C1097,535.18,success,,2026-09-10T11:59:03
T0011,C1172,4166.63,success,,2026-09-14T13:59:03
T0012,C1093,357.74,success,,2026-09-15T03:59:03
T0013,C1132,1009.47,failed,insufficient_funds,2026-09-21T16:59:03
T0014,C1200,398.07,success,,2026-09-26T14:59:03
T0015,C1147,1348.86,failed,card_declined,2026-09-19T08:59:03
T0016,C1029,1157.62,failed,card_declined,2026-09-19T01:59:03
T0017,C1011,824.46,failed,do_not_honor,2026-09-19T11:59:03
T0018,C1060,428.22,success,,2026-09-10T15:59:03
T0019,C1040,497.26,success,,2026-09-27T20:59:03
T0020,C1176,3275.75,success,,2026-09-17T09:59:03
T0021,C1162,2867.23,success,,2026-09-26T22:59:03
T0022,C1107,417.9,success,,2026-09-10T19:59:03
T0023,C1064,289.87,failed,insufficient_funds,2026-09-18T15:59:03
T0024,C1001,1564.41,failed,insufficient_funds,2026-09-27T15:59:03
T0025,C1158,5186.77,failed,card_declined,2026-09-20T14:59:03
T0026,C1012,668.18,failed,gateway_error,2026-09-19T05:59:03
T0027,C1135,836.88,success,,2026-09-14T01:59:03
T0028,C1186,455.27,success,,2026-09-12T04:59:03
T0029,C1004,155.58,success,,2026-09-13T14:59:03
T0030,C1016,562.59,success,,2026-09-24T20:59:03
T0031,C1056,1685.15,success,,2026-09-27T16:59:03
T0032,C1100,3662.82,success,,2026-09-17T08:59:03
T0033,C1083,1102.37,failed,card_declined,2026-09-27T20:59:03
T0034,C1050,1534.74,success,,2026-09-18T04:59:03
T0035,C1016,1282.21,success,,2026-09-17T14:59:03
T0036,C1118,1255.04,failed,do_not_honor,2026-09-27T04:59:03
T0037,C1099,2650.16,success,,2026-09-27T10:59:03
T0038,C1174,2480.62,success,,2026-09-14T12:59:03
T0039,C1091,428.53,success,,2026-09-20T07:59:03
T0040,C1111,235.67,failed,gateway_error,2026-09-23T15:59:03
T0041,C1113,4492.33,success,,2026-09-28T01:59:03
T0042,C1055,1989.01,success,,2026-09-19T23:59:03
T0043,C1033,2291.36,success,,2026-09-16T20:59:03
T0044,C1166,1818.14,success,,2026-09-08T23:59:03
T0045,C1012,1136.43,failed,expired_card,2026-09-22T05:59:03
T0046,C1037,682.52,failed,insufficient_funds,2026-09-14T14:59:03
T0047,C1028,1946.73,success,,2026-09-19T03:59:03
T0048,C1099,737.06,success,,2026-09-12T21:59:03
T0049,C1086,726.57,success,,2026-09-28T17:59:03
T0050,C1080,737.27,success,,2026-09-16T21:59:03
T0051,C1109,2928.01,success,,2026-09-27T08:59:03
T0052,C1097,2848.0,success,,2026-09-18T02:59:03
T0053,C1104,959.07,failed,do_not_honor,2026-09-10T02:59:03
T0054,C1027,7788.68,failed,card_declined,2026-09-22T20:59:03
T0055,C1063,1046.86,failed,gateway_error,2026-09-13T21:59:03
T0056,C1055,3061.03,success,,2026-09-11T16:59:03
T0057,C1171,964.8,success,,2026-09-28T17:59:03
T0058,C1133,1350.16,success,,2026-09-17T02:59:03
T0059,C1051,5543.6,success,,2026-09-14T18:59:03
T0060,C1020,388.78,failed,gateway_error,2026-09-23T06:59:03
T0061,C1099,9986.54,failed,card_declined,2026-09-17T02:59:03
T0062,C1016,317.86,failed,card_declined,2026-09-24T10:59:03
T0063,C1054,1281.09,success,,2026-09-24T13:59:03
T0064,C1092,958.77,success,,2026-09-10T17:59:03
T0065,C1089,218.35,failed,insufficient_funds,2026-09-09T14:59:03
T0066,C1058,11403.91,success,,2026-09-27T19:59:03
T0067,C1066,1529.83,failed,insufficient_funds,2026-09-23T00:59:03
T0068,C1086,1934.95,failed,insufficient_funds,2026-09-26T03:59:03
T0069,C1059,847.14,success,,2026-09-23T07:59:03
T0070,C1199,4001.32,failed,insufficient_funds,2026-09-13T20:59:03
T0071,C1113,10868.63,success,,2026-09-28T17:59:03
T0072,C1145,568.09,failed,do_not_honor,2026-09-14T04:59:03
T0073,C1109,1096.53,success,,2026-09-17T06:59:03
T0074,C1176,4020.19,failed,insufficient_funds,2026-09-17T03:59:03
T0075,C1192,586.1,failed,card_declined,2026-09-22T08:59:03
T0076,C1089,868.23,success,,2026-09-09T00:59:03
T0077,C1113,954.66,success,,2026-09-10T13:59:03
T0078,C1092,563.84,failed,insufficient_funds,2026-09-14T08:59:03
T0079,C1063,1909.71,failed,card_declined,2026-09-12T06:59:03
T0080,C1104,587.64,success,,2026-09-10T06:59:03
T0081,C1124,4432.03,success,,2026-09-15T16:59:03
T0082,C1027,964.86,success,,2026-09-09T04:59:03
T0083,C1162,357.07,success,,2026-09-10T11:59:03
T0084,C1114,1835.43,failed,gateway_error,2026-09-25T03:59:03
T0085,C1065,8389.72,success,,2026-09-28T09:59:03
T0086,C1123,507.52,failed,do_not_honor,2026-09-12T05:59:03
T0087,C1026,1295.09,success,,2026-09-11T19:59:03
T0088,C1007,3786.08,success,,2026-09-13T05:59:03
T0089,C1041,2356.33,success,,2026-09-23T05:59:03
T0090,C1075,1230.54,failed,expired_card,2026-09-20T18:59:03
T0091,C1078,717.34,success,,2026-09-10T14:59:03
T0092,C1172,201.73,success,,2026-09-24T15:59:03
T0093,C1008,444.71,success,,2026-09-19T02:59:03
T0094,C1176,12302.03,success,,2026-09-11T09:59:03
T0095,C1121,3449.02,success,,2026-09-24T01:59:03
T0096,C1069,2367.64,failed,expired_card,2026-09-20T09:59:03
T0097,C1067,2361.86,success,,2026-09-10T11:59:03
T0098,C1009,5268.24,failed,gateway_error,2026-09-21T10:59:03
T0099,C1068,1764.55,success,,2026-09-20T09:59:03
T0100,C1045,2467.11,success,,2026-09-10T22:59:03
T0101,C1112,826.94,success,,2026-09-28T07:59:03
T0102,C1197,932.64,failed,do_not_honor,2026-09-25T02:59:03
T0103,C1044,1220.6,success,,2026-09-23T06:59:03
T0104,C1174,377.36,failed,insufficient_funds,2026-09-21T13:59:03
T0105,C1199,3388.87,success,,2026-09-22T05:59:03
T0106,C1062,3518.03,success,,2026-09-18T00:59:03
T0107,C1188,974.54,failed,gateway_error,2026-09-24T20:59:03
T0108,C1193,618.68,failed,expired_card,2026-09-28T21:59:03
T0109,C1071,1796.08,success,,2026-09-11T17:59:03
T0110,C1055,819.1,success,,2026-09-13T13:59:03
T0111,C1192,1194.52,success,,2026-09-13T04:59:03
T0112,C1189,2568.63,success,,2026-09-21T03:59:03
T0113,C1012,1468.99,success,,2026-09-14T17:59:03
T0114,C1175,1741.49,success,,2026-09-15T14:59:03
T0115,C1194,3462.76,success,,2026-09-10T19:59:03
T0116,C1154,7618.09,failed,do_not_honor,2026-09-18T02:59:03
T0117,C1124,4562.75,success,,2026-09-20T04:59:03
T0118,C1088,1887.68,success,,2026-09-14T01:59:03
T0119,C1051,2143.08,success,,2026-09-26T04:59:03
T0120,C1004,1401.89,failed,expired_card,2026-09-20T19:59:03
T0121,C1078,2422.89,success,,2026-09-09T15:59:03
T0122,C1160,1092.18,failed,insufficient_funds,2026-09-20T06:59:03
T0123,C1148,3869.54,success,,2026-09-28T21:59:03
T0124,C1011,1378.89,success,,2026-09-24T10:59:03
T0125,C1022,4167.75,success,,2026-09-16T13:59:03
T0126,C1104,953.4,success,,2026-09-22T01:59:03
T0127,C1105,1112.81,success,,2026-09-19T11:59:03
T0128,C1063,1854.17,success,,2026-09-18T00:59:03
T0129,C1100,4244.21,success,,2026-09-09T16:59:03
T0130,C1188,12457.83,success,,2026-09-13T05:59:03
T0131,C1074,1377.51,failed,card_declined,2026-09-17T22:59:03
T0132,C1166,588.02,success,,2026-09-15T16:59:03
T0133,C1082,10075.36,success,,2026-09-11T10:59:03
T0134,C1048,1301.04,success,,2026-09-23T21:59:03
T0135,C1090,1773.14,success,,2026-09-24T02:59:03
T0136,C1057,2479.13,success,,2026-09-25T18:59:03
T0137,C1135,163.29,failed,card_declined,2026-09-18T18:59:03
T0138,C1052,503.12,success,,2026-09-12T12:59:03
T0139,C1183,4325.96,failed,insufficient_funds,2026-09-15T11:59:03
T0140,C1059,1626.58,success,,2026-09-13T14:59:03
T0141,C1100,2231.28,success,,2026-09-18T08:59:03
T0142,C1177,584.56,success,,2026-09-25T18:59:03
T0143,C1085,239.69,success,,2026-09-28T19:59:03
T0144,C1034,1177.22,success,,2026-09-10T13:59:03
T0145,C1120,1420.72,success,,2026-09-26T15:59:03
T0146,C1161,1682.68,success,,2026-09-24T05:59:03
T0147,C1056,953.72,failed,do_not_honor,2026-09-17T20:59:03
T0148,C1120,429.02,success,,2026-09-17T00:59:03
T0149,C1187,4482.71,failed,gateway_error,2026-09-19T04:59:03
T0150,C1155,883.83,failed,insufficient_funds,2026-09-17T14:59:03
T0151,C1068,3962.9,success,,2026-09-16T05:59:03
T0152,C1032,1720.89,success,,2026-09-12T19:59:03
T0153,C1096,1445.54,success,,2026-09-15T20:59:03
T0154,C1186,8516.5,success,,2026-09-09T21:59:03
T0155,C1041,1774.38,success,,2026-09-11T04:59:03
T0156,C1111,2429.82,success,,2026-09-19T09:59:03
T0157,C1073,2967.18,success,,2026-09-13T01:59:03
T0158,C1052,1438.71,success,,2026-09-19T07:59:03
T0159,C1177,2480.3,failed,card_declined,2026-09-15T07:59:03
T0160,C1046,6835.49,success,,2026-09-12T07:59:03
T0161,C1109,1638.53,success,,2026-09-15T13:59:03
T0162,C1078,1132.15,failed,insufficient_funds,2026-09-13T16:59:03
T0163,C1143,1272.57,success,,2026-09-23T02:59:03
T0164,C1193,387.96,success,,2026-09-09T20:59:03
T0165,C1016,6853.63,success,,2026-09-25T23:59:03
T0166,C1165,380.29,failed,insufficient_funds,2026-09-25T15:59:03
T0167,C1047,934.5,success,,2026-09-27T13:59:03
T0168,C1079,575.4,success,,2026-09-21T20:59:03
T0169,C1069,4375.59,success,,2026-09-20T01:59:03
T0170,C1038,1001.67,failed,gateway_error,2026-09-20T14:59:03
T0171,C1085,637.73,success,,2026-09-16T10:59:03
T0172,C1167,561.37,success,,2026-09-28T11:59:03
T0173,C1057,1735.45,success,,2026-09-12T14:59:03
T0174,C1182,2383.38,success,,2026-09-18T17:59:03
T0175,C1055,735.2,failed,insufficient_funds,2026-09-12T20:59:03
T0176,C1033,625.37,success,,2026-09-09T21:59:03
T0177,C1084,2625.2,success,,2026-09-19T23:59:03
T0178,C1139,559.92,success,,2026-09-13T05:59:03
T0179,C1010,1045.2,success,,2026-09-16T01:59:03
T0180,C1013,3297.07,success,,2026-09-18T12:59:03
T0181,C1100,1722.18,failed,insufficient_funds,2026-09-28T07:59:03
T0182,C1154,1726.05,success,,2026-09-14T15:59:03
T0183,C1069,4142.71,success,,2026-09-20T06:59:03
T0184,C1080,2958.73,success,,2026-09-10T23:59:03
T0185,C1161,2225.6,success,,2026-09-26T04:59:03
T0186,C1129,441.85,success,,2026-09-17T12:59:03
T0187,C1187,4069.8,failed,insufficient_funds,2026-09-16T21:59:03
T0188,C1198,6546.8,success,,2026-09-27T03:59:03
T0189,C1035,1759.92,success,,2026-09-26T00:59:03
T0190,C1138,445.93,success,,2026-09-25T00:59:03
T0191,C1030,3525.09,failed,insufficient_funds,2026-09-24T09:59:03
T0192,C1183,1427.24,success,,2026-09-21T17:59:03
T0193,C1021,1134.42,success,,2026-09-20T19:59:03
T0194,C1075,277.3,success,,2026-09-11T04:59:03
T0195,C1062,1023.72,success,,2026-09-11T02:59:03
T0196,C1200,2516.84,failed,card_declined,2026-09-17T09:59:03
T0197,C1168,200.57,failed,do_not_honor,2026-09-24T03:59:03
T0198,C1119,1226.33,success,,2026-09-12T06:59:03
T0199,C1038,3072.32,success,,2026-09-28T01:59:03
T0200,C1126,556.16,success,,2026-09-23T15:59:03
T0201,C1143,2681.32,failed,card_declined,2026-09-25T15:59:03
T0202,C1137,596.47,failed,insufficient_funds,2026-09-26T11:59:03
T0203,C1044,3246.53,success,,2026-09-24T06:59:03
T0204,C1062,3758.8,success,,2026-09-23T10:59:03
T0205,C1040,244.43,success,,2026-09-25T08:59:03
T0206,C1066,3258.61,success,,2026-09-12T23:59:03
T0207,C1076,1285.18,success,,2026-09-12T07:59:03
T0208,C1047,453.72,success,,2026-09-22T06:59:03
T0209,C1077,510.8,failed,card_declined,2026-09-22T06:59:03
T0210,C1103,387.07,success,,2026-09-09T13:59:03
T0211,C1120,743.66,success,,2026-09-20T10:59:03
T0212,C1080,997.93,success,,2026-09-24T16:59:03
T0213,C1016,538.92,failed,expired_card,2026-09-15T12:59:03
T0214,C1053,1048.66,failed,expired_card,2026-09-22T11:59:03
T0215,C1165,5211.66,success,,2026-09-16T02:59:03
T0216,C1032,3150.89,success,,2026-09-11T22:59:03
T0217,C1095,3101.16,success,,2026-09-12T05:59:03
T0218,C1099,358.0,failed,insufficient_funds,2026-09-14T19:59:03
T0219,C1081,868.05,success,,2026-09-18T02:59:03
T0220,C1131,2675.21,success,,2026-09-28T15:59:03
T0221,C1114,1130.06,success,,2026-09-11T08:59:03
T0222,C1186,215.67,success,,2026-09-19T16:59:03
T0223,C1084,403.36,success,,2026-09-15T08:59:03
T0224,C1115,271.97,success,,2026-09-19T02:59:03
T0225,C1162,1716.06,success,,2026-09-19T15:59:03
T0226,C1157,3457.85,failed,insufficient_funds,2026-09-15T00:59:03
T0227,C1142,1776.11,success,,2026-09-11T16:59:03
T0228,C1140,711.92,success,,2026-09-12T09:59:03
T0229,C1107,574.4,success,,2026-09-19T14:59:03
T0230,C1107,990.0,success,,2026-09-16T06:59:03
T0231,C1137,3530.18,failed,gateway_error,2026-09-11T04:59:03
T0232,C1137,2655.41,success,,2026-09-22T23:59:03
T0233,C1163,1543.91,success,,2026-09-23T17:59:03
T0234,C1032,467.94,success,,2026-09-16T18:59:03
T0235,C1108,2202.96,success,,2026-09-20T19:59:03
T0236,C1200,5590.41,success,,2026-09-18T08:59:03
T0237,C1187,2433.52,success,,2026-09-25T00:59:03
T0238,C1116,2009.64,success,,2026-09-21T08:59:03
T0239,C1110,1280.7,success,,2026-09-21T15:59:03
T0240,C1098,726.58,success,,2026-09-16T04:59:03
T0241,C1052,749.6,success,,2026-09-23T00:59:03
T0242,C1118,1235.2,success,,2026-09-17T21:59:03
T0243,C1016,2225.35,success,,2026-09-27T02:59:03
T0244,C1016,925.95,failed,insufficient_funds,2026-09-17T01:59:03
T0245,C1030,1589.44,success,,2026-09-14T04:59:03
T0246,C1064,4231.11,success,,2026-09-13T17:59:03
T0247,C1174,3822.88,success,,2026-09-12T00:59:03
T0248,C1119,610.72,failed,card_declined,2026-09-20T06:59:03
T0249,C1141,1005.45,success,,2026-09-22T09:59:03
T0250,C1131,463.38,success,,2026-09-21T01:59:03
T0251,C1174,1290.74,success,,2026-09-17T14:59:03
T0252,C1042,1625.92,success,,2026-09-13T00:59:03
T0253,C1038,2465.91,success,,2026-09-21T09:59:03
T0254,C1060,263.68,success,,2026-09-23T03:59:03
T0255,C1132,1961.03,success,,2026-09-23T23:59:03
T0256,C1148,4340.1,failed,card_declined,2026-09-26T08:59:03
T0257,C1060,774.3,success,,2026-09-12T15:59:03
T0258,C1178,776.99,success,,2026-09-24T19:59:03
T0259,C1110,998.3,failed,insufficient_funds,2026-09-13T11:59:03
T0260,C1193,476.27,success,,2026-09-12T16:59:03
T0261,C1192,974.95,success,,2026-09-22T21:59:03
T0262,C1028,865.06,success,,2026-09-11T03:59:03
T0263,C1085,2887.51,failed,card_declined,2026-09-25T02:59:03
T0264,C1111,11647.34,success,,2026-09-13T19:59:03
T0265,C1124,5350.28,success,,2026-09-23T01:59:03
T0266,C1199,926.72,failed,card_declined,2026-09-22T16:59:03
T0267,C1090,4959.04,success,,2026-09-26T05:59:03
T0268,C1089,1064.63,success,,2026-09-12T20:59:03
T0269,C1048,932.17,success,,2026-09-10T07:59:03
T0270,C1066,1353.74,failed,card_declined,2026-09-18T16:59:03
T0271,C1071,1870.5,success,,2026-09-24T23:59:03
T0272,C1091,2864.97,success,,2026-09-23T12:59:03
T0273,C1070,6800.55,success,,2026-09-18T17:59:03
T0274,C1037,966.42,failed,card_declined,2026-09-18T10:59:03
T0275,C1185,193.17,failed,expired_card,2026-09-27T18:59:03
T0276,C1101,2353.01,failed,gateway_error,2026-09-22T10:59:03
T0277,C1024,567.31,failed,card_declined,2026-09-17T00:59:03
T0278,C1018,1531.11,success,,2026-09-15T23:59:03
T0279,C1060,765.94,success,,2026-09-15T17:59:03
T0280,C1138,1344.5,failed,insufficient_funds,2026-09-19T07:59:03
T0281,C1090,952.14,success,,2026-09-22T13:59:03
T0282,C1054,1858.73,success,,2026-09-19T18:59:03
T0283,C1152,3396.7,success,,2026-09-15T16:59:03
T0284,C1053,2113.17,failed,do_not_honor,2026-09-26T19:59:03
T0285,C1026,493.08,success,,2026-09-24T11:59:03
T0286,C1113,1754.01,success,,2026-09-23T06:59:03
T0287,C1187,2335.35,success,,2026-09-25T13:59:03
T0288,C1021,5792.0,failed,insufficient_funds,2026-09-25T13:59:03
T0289,C1158,664.22,failed,insufficient_funds,2026-09-16T05:59:03
T0290,C1148,747.6,success,,2026-09-28T05:59:03
T0291,C1187,7806.83,failed,expired_card,2026-09-13T22:59:03
T0292,C1199,5419.02,success,,2026-09-27T09:59:03
T0293,C1198,1061.94,success,,2026-09-09T04:59:03
T0294,C1055,568.19,failed,gateway_error,2026-09-16T08:59:03
T0295,C1120,4777.97,success,,2026-09-08T23:59:03
T0296,C1119,1952.64,failed,card_declined,2026-09-24T02:59:03
T0297,C1011,11504.54,success,,2026-09-09T12:59:03
T0298,C1083,1974.2,failed,card_declined,2026-09-27T15:59:03
T0299,C1150,2087.17,failed,card_declined,2026-09-12T22:59:03
T0300,C1196,1758.83,success,,2026-09-09T06:59:03
T0301,C1188,462.15,success,,2026-09-26T06:59:03
T0302,C1060,2251.73,success,,2026-09-22T10:59:03
T0303,C1183,8077.85,success,,2026-09-23T02:59:03
T0304,C1015,2382.63,success,,2026-09-18T09:59:03
T0305,C1033,1298.09,success,,2026-09-16T03:59:03
T0306,C1062,2312.48,failed,insufficient_funds,2026-09-22T00:59:03
T0307,C1024,4120.72,success,,2026-09-28T08:59:03
T0308,C1009,1477.29,failed,do_not_honor,2026-09-11T01:59:03
T0309,C1104,720.49,success,,2026-09-16T09:59:03
T0310,C1065,3662.88,success,,2026-09-12T14:59:03
T0311,C1022,1766.94,success,,2026-09-23T04:59:03
T0312,C1035,2930.84,success,,2026-09-12T15:59:03
T0313,C1096,5136.09,success,,2026-09-18T21:59:03
T0314,C1085,961.64,success,,2026-09-19T11:59:03
T0315,C1191,2457.16,success,,2026-09-25T01:59:03
T0316,C1089,1612.93,success,,2026-09-19T14:59:03
T0317,C1132,2370.77,success,,2026-09-18T10:59:03
T0318,C1179,217.2,success,,2026-09-18T21:59:03
T0319,C1030,1100.09,success,,2026-09-21T19:59:03
T0320,C1015,4013.2,success,,2026-09-26T16:59:03
T0321,C1132,1789.76,success,,2026-09-21T21:59:03
T0322,C1126,4628.0,success,,2026-09-18T08:59:03
T0323,C1190,1213.76,success,,2026-09-20T08:59:03
T0324,C1088,602.6,success,,2026-09-17T04:59:03
T0325,C1076,368.24,failed,card_declined,2026-09-23T12:59:03
T0326,C1053,6296.5,success,,2026-09-12T10:59:03
T0327,C1147,1966.41,success,,2026-09-17T22:59:03
T0328,C1033,3886.5,success,,2026-09-28T21:59:03
T0329,C1079,433.25,success,,2026-09-17T08:59:03
T0330,C1018,1056.09,success,,2026-09-27T18:59:03
T0331,C1010,637.86,failed,insufficient_funds,2026-09-12T18:59:03
T0332,C1018,297.66,success,,2026-09-19T11:59:03
T0333,C1094,932.23,success,,2026-09-24T13:59:03
T0334,C1137,1514.38,failed,card_declined,2026-09-22T18:59:03
T0335,C1062,4531.18,success,,2026-09-14T00:59:03
T0336,C1125,383.73,success,,2026-09-28T07:59:03
T0337,C1125,2365.28,success,,2026-09-15T22:59:03
T0338,C1070,5277.54,success,,2026-09-13T18:59:03
T0339,C1132,557.81,failed,insufficient_funds,2026-09-17T03:59:03
T0340,C1023,1935.62,success,,2026-09-24T02:59:03
T0341,C1001,2149.45,success,,2026-09-09T10:59:03
T0342,C1160,365.3,failed,do_not_honor,2026-09-15T02:59:03
T0343,C1146,644.89,success,,2026-09-18T06:59:03
T0344,C1092,399.09,success,,2026-09-22T16:59:03
T0345,C1073,1251.8,success,,2026-09-23T02:59:03
T0346,C1179,276.03,success,,2026-09-18T14:59:03
T0347,C1065,74.41,success,,2026-09-23T17:59:03
T0348,C1061,1266.72,success,,2026-09-25T19:59:03
T0349,C1044,1985.04,success,,2026-09-09T06:59:03
T0350,C1010,2401.62,success,,2026-09-12T23:59:03
T0351,C1097,277.48,success,,2026-09-10T11:59:03
T0352,C1125,5071.06,failed,gateway_error,2026-09-10T16:59:03
T0353,C1056,2100.81,success,,2026-09-08T23:59:03
T0354,C1157,1237.05,success,,2026-09-23T05:59:03
T0355,C1071,906.84,success,,2026-09-22T21:59:03
T0356,C1180,3006.06,success,,2026-09-11T01:59:03
T0357,C1177,785.22,success,,2026-09-14T20:59:03
T0358,C1055,527.69,success,,2026-09-25T17:59:03
T0359,C1090,332.48,success,,2026-09-18T14:59:03
T0360,C1111,999.4,success,,2026-09-17T03:59:03
T0361,C1154,775.78,success,,2026-09-20T20:59:03
T0362,C1127,5322.93,success,,2026-09-22T01:59:03
T0363,C1055,1566.97,success,,2026-09-14T00:59:03
T0364,C1163,182.57,failed,insufficient_funds,2026-09-10T15:59:03
T0365,C1092,1845.07,success,,2026-09-27T23:59:03
T0366,C1192,551.29,success,,2026-09-18T19:59:03
T0367,C1186,873.87,success,,2026-09-11T14:59:03
T0368,C1156,2492.91,success,,2026-09-14T18:59:03
T0369,C1020,814.25,success,,2026-09-15T00:59:03
T0370,C1172,3388.62,success,,2026-09-18T08:59:03
T0371,C1007,535.02,success,,2026-09-26T05:59:03
T0372,C1126,1109.32,success,,2026-09-16T07:59:03
T0373,C1088,8412.42,success,,2026-09-26T18:59:03
T0374,C1159,805.84,success,,2026-09-19T12:59:03
T0375,C1060,497.36,failed,do_not_honor,2026-09-28T14:59:03
T0376,C1121,1096.51,success,,2026-09-20T04:59:03
T0377,C1010,1602.26,success,,2026-09-25T14:59:03
T0378,C1167,2301.55,failed,gateway_error,2026-09-23T06:59:03
T0379,C1042,248.99,success,,2026-09-14T03:59:03
T0380,C1150,1180.34,success,,2026-09-27T04:59:03
T0381,C1021,722.72,success,,2026-09-10T17:59:03
T0382,C1084,703.72,success,,2026-09-17T12:59:03
T0383,C1131,2073.44,success,,2026-09-22T03:59:03
T0384,C1046,596.02,success,,2026-09-09T23:59:03
T0385,C1047,294.83,success,,2026-09-10T07:59:03
T0386,C1103,3513.56,success,,2026-09-15T17:59:03
T0387,C1144,4269.8,failed,expired_card,2026-09-09T06:59:03
T0388,C1045,102.04,success,,2026-09-24T01:59:03
T0389,C1198,416.84,success,,2026-09-19T15:59:03
T0390,C1189,399.2,success,,2026-09-12T16:59:03
T0391,C1200,2209.1,success,,2026-09-10T07:59:03
T0392,C1049,2328.32,failed,card_declined,2026-09-22T12:59:03
T0393,C1001,6800.86,success,,2026-09-27T22:59:03
T0394,C1053,8595.35,success,,2026-09-27T17:59:03
T0395,C1194,220.13,success,,2026-09-20T22:59:03
T0396,C1053,4869.84,success,,2026-09-23T16:59:03
T0397,C1106,2627.25,success,,2026-09-16T20:59:03
T0398,C1137,765.27,success,,2026-09-25T01:59:03
T0399,C1147,3814.2,failed,card_declined,2026-09-10T08:59:03
T0400,C1198,584.32,success,,2026-09-14T08:59:03
T0401,C1048,3962.19,failed,do_not_honor,2026-09-25T20:59:03
T0402,C1071,1183.97,failed,expired_card,2026-09-19T02:59:03
T0403,C1077,225.64,failed,card_declined,2026-09-11T18:59:03
T0404,C1148,3626.97,success,,2026-09-22T18:59:03
T0405,C1119,31746.12,success,,2026-09-25T13:59:03
T0406,C1123,317.02,failed,do_not_honor,2026-09-16T09:59:03
T0407,C1152,20201.0,success,,2026-09-19T20:59:03
T0408,C1072,1163.01,success,,2026-09-19T04:59:03
T0409,C1074,337.68,success,,2026-09-24T16:59:03
T0410,C1188,706.68,success,,2026-09-10T17:59:03
T0411,C1015,1108.45,success,,2026-09-23T20:59:03
T0412,C1144,3354.29,success,,2026-09-21T06:59:03
T0413,C1171,1579.1,success,,2026-09-13T23:59:03
T0414,C1186,2109.13,success,,2026-09-11T05:59:03
T0415,C1078,2165.71,success,,2026-09-23T01:59:03
T0416,C1191,936.32,failed,gateway_error,2026-09-12T07:59:03
T0417,C1190,2261.49,success,,2026-09-27T20:59:03
T0418,C1161,341.92,success,,2026-09-13T00:59:03
T0419,C1065,1468.74,success,,2026-09-09T15:59:03
T0420,C1116,1386.4,success,,2026-09-12T08:59:03
T0421,C1083,5537.37,success,,2026-09-15T23:59:03
T0422,C1111,532.18,success,,2026-09-24T05:59:03
T0423,C1103,6881.63,success,,2026-09-15T16:59:03
T0424,C1078,5900.26,failed,expired_card,2026-09-12T13:59:03
T0425,C1037,2626.77,success,,2026-09-11T00:59:03
T0426,C1134,10762.82,failed,card_declined,2026-09-15T12:59:03
T0427,C1109,5481.43,success,,2026-09-22T07:59:03
T0428,C1140,682.58,success,,2026-09-28T04:59:03
T0429,C1031,733.62,success,,2026-09-13T07:59:03
T0430,C1115,1143.37,failed,do_not_honor,2026-09-21T22:59:03
T0431,C1002,626.91,success,,2026-09-25T04:59:03
T0432,C1035,6003.42,failed,gateway_error,2026-09-10T05:59:03
T0433,C1175,1731.8,success,,2026-09-17T14:59:03
T0434,C1124,1492.1,success,,2026-09-23T02:59:03
T0435,C1142,2276.75,success,,2026-09-23T10:59:03
T0436,C1007,3367.4,success,,2026-09-18T15:59:03
T0437,C1055,1093.82,success,,2026-09-22T14:59:03
T0438,C1071,2177.89,success,,2026-09-21T16:59:03
T0439,C1074,272.16,success,,2026-09-18T22:59:03
T0440,C1082,2828.17,success,,2026-09-25T21:59:03
T0441,C1096,8045.49,success,,2026-09-24T02:59:03
T0442,C1023,667.98,success,,2026-09-13T11:59:03
T0443,C1193,488.16,success,,2026-09-20T10:59:03
T0444,C1119,1873.25,success,,2026-09-11T18:59:03
T0445,C1107,4924.81,success,,2026-09-26T23:59:03
T0446,C1124,5671.88,success,,2026-09-28T14:59:03
T0447,C1138,392.61,failed,card_declined,2026-09-21T01:59:03
T0448,C1008,3048.38,success,,2026-09-14T13:59:03
T0449,C1072,2240.75,failed,insufficient_funds,2026-09-15T07:59:03
T0450,C1040,915.08,success,,2026-09-26T14:59:03
T0451,C1193,4563.24,success,,2026-09-18T20:59:03
T0452,C1198,627.39,failed,gateway_error,2026-09-16T22:59:03
T0453,C1002,3854.65,success,,2026-09-15T21:59:03
T0454,C1054,3259.95,failed,card_declined,2026-09-11T08:59:03
T0455,C1001,4853.11,success,,2026-09-13T23:59:03
T0456,C1076,877.44,success,,2026-09-20T04:59:03
T0457,C1168,3274.36,failed,card_declined,2026-09-28T02:59:03
T0458,C1188,4468.79,success,,2026-09-18T09:59:03
T0459,C1071,1329.36,failed,card_declined,2026-09-17T10:59:03
T0460,C1154,6388.14,failed,insufficient_funds,2026-09-14T14:59:03
T0461,C1031,3817.81,success,,2026-09-14T01:59:03
T0462,C1006,148.6,success,,2026-09-19T23:59:03
T0463,C1047,19755.94,success,,2026-09-13T09:59:03
T0464,C1167,4858.42,failed,insufficient_funds,2026-09-26T19:59:03
T0465,C1121,504.19,success,,2026-09-15T18:59:03
T0466,C1012,1736.39,success,,2026-09-22T22:59:03
T0467,C1023,886.29,failed,insufficient_funds,2026-09-19T10:59:03
T0468,C1082,270.29,success,,2026-09-23T21:59:03
T0469,C1005,1908.21,success,,2026-09-26T19:59:03
T0470,C1180,92.56,success,,2026-09-21T01:59:03
T0471,C1081,470.94,success,,2026-09-15T03:59:03
T0472,C1164,1399.9,success,,2026-09-20T10:59:03
T0473,C1135,2923.15,success,,2026-09-26T07:59:03
T0474,C1028,1305.14,success,,2026-09-11T08:59:03
T0475,C1002,4445.29,success,,2026-09-14T18:59:03
T0476,C1044,1769.68,failed,expired_card,2026-09-28T11:59:03
T0477,C1099,905.69,failed,insufficient_funds,2026-09-26T05:59:03
T0478,C1094,447.3,success,,2026-09-24T12:59:03
T0479,C1039,1619.14,failed,gateway_error,2026-09-24T11:59:03
T0480,C1049,1117.0,success,,2026-09-11T13:59:03
T0481,C1187,331.54,success,,2026-09-21T21:59:03
T0482,C1010,5681.68,success,,2026-09-12T02:59:03
T0483,C1148,995.68,success,,2026-09-28T20:59:03
T0484,C1040,1317.3,success,,2026-09-25T19:59:03
T0485,C1005,3338.95,success,,2026-09-17T09:59:03
T0486,C1076,2850.05,failed,card_declined,2026-09-14T19:59:03
T0487,C1097,507.2,success,,2026-09-26T02:59:03
T0488,C1074,2382.96,failed,gateway_error,2026-09-23T20:59:03
T0489,C1131,4020.25,success,,2026-09-28T13:59:03
T0490,C1139,4832.62,failed,card_declined,2026-09-13T02:59:03
T0491,C1008,1906.98,success,,2026-09-26T11:59:03
T0492,C1155,1231.51,success,,2026-09-18T18:59:03
T0493,C1020,1687.93,success,,2026-09-21T04:59:03
T0494,C1100,3594.96,success,,2026-09-26T14:59:03
T0495,C1125,3542.99,success,,2026-09-24T04:59:03
T0496,C1194,1960.87,success,,2026-09-27T23:59:03
T0497,C1165,1951.99,success,,2026-09-09T12:59:03
T0498,C1072,1141.37,success,,2026-09-17T19:59:03
T0499,C1196,2612.28,success,,2026-09-15T04:59:03
T0500,C1051,1868.51,success,,2026-09-27T14:59:03
T0501,C1057,8429.06,success,,2026-09-10T20:59:03
T0502,C1056,3065.72,success,,2026-09-14T06:59:03
T0503,C1018,583.94,failed,expired_card,2026-09-19T10:59:03
T0504,C1125,638.0,failed,card_declined,2026-09-15T22:59:03
T0505,C1027,487.86,failed,card_declined,2026-09-15T14:59:03
T0506,C1144,902.24,success,,2026-09-17T05:59:03
T0507,C1066,1218.06,success,,2026-09-20T18:59:03
T0508,C1035,534.93,success,,2026-09-17T14:59:03
T0509,C1156,1280.31,success,,2026-09-18T03:59:03
T0510,C1167,4960.93,success,,2026-09-26T19:59:03
T0511,C1089,2214.96,success,,2026-09-26T11:59:03
T0512,C1010,1107.56,success,,2026-09-15T00:59:03
T0513,C1154,1493.48,success,,2026-09-17T03:59:03
T0514,C1113,1264.45,success,,2026-09-24T07:59:03
T0515,C1127,402.03,success,,2026-09-09T23:59:03
T0516,C1140,16356.49,failed,insufficient_funds,2026-09-19T05:59:03
T0517,C1137,399.7,success,,2026-09-13T08:59:03
T0518,C1018,569.26,failed,insufficient_funds,2026-09-14T17:59:03
T0519,C1171,638.83,failed,do_not_honor,2026-09-14T06:59:03
T0520,C1033,3330.39,success,,2026-09-27T11:59:03
T0521,C1154,1437.57,failed,card_declined,2026-09-19T16:59:03
T0522,C1057,2496.45,failed,expired_card,2026-09-11T14:59:03
T0523,C1047,1165.9,failed,card_declined,2026-09-16T22:59:03
T0524,C1093,1060.57,success,,2026-09-14T14:59:03
T0525,C1068,565.91,failed,insufficient_funds,2026-09-14T17:59:03
T0526,C1200,11349.32,success,,2026-09-19T21:59:03
T0527,C1021,960.2,success,,2026-09-13T12:59:03
T0528,C1099,814.59,failed,card_declined,2026-09-22T06:59:03
T0529,C1042,2087.45,success,,2026-09-16T14:59:03
T0530,C1075,1464.24,success,,2026-09-25T14:59:03
T0531,C1162,2151.03,success,,2026-09-24T03:59:03
T0532,C1169,1409.12,success,,2026-09-21T10:59:03
T0533,C1192,3275.73,success,,2026-09-21T01:59:03
T0534,C1013,755.37,failed,card_declined,2026-09-24T02:59:03
T0535,C1058,252.1,success,,2026-09-10T21:59:03
T0536,C1026,1387.64,success,,2026-09-12T13:59:03
T0537,C1060,862.89,success,,2026-09-15T19:59:03
T0538,C1092,1390.04,success,,2026-09-17T00:59:03
T0539,C1153,1072.13,failed,do_not_honor,2026-09-11T05:59:03
T0540,C1187,683.11,success,,2026-09-28T07:59:03
T0541,C1184,1134.22,failed,expired_card,2026-09-22T07:59:03
T0542,C1012,2370.61,success,,2026-09-21T10:59:03
T0543,C1005,1887.94,failed,gateway_error,2026-09-16T20:59:03
T0544,C1109,5518.66,success,,2026-09-27T10:59:03
T0545,C1067,2503.25,failed,expired_card,2026-09-28T06:59:03
T0546,C1047,1252.83,failed,insufficient_funds,2026-09-20T21:59:03
T0547,C1104,9014.6,success,,2026-09-21T15:59:03
T0548,C1115,500.0,failed,card_declined,2026-09-21T23:59:03
T0549,C1025,319.87,success,,2026-09-16T19:59:03
T0550,C1152,709.66,success,,2026-09-10T01:59:03
T0551,C1191,2044.49,failed,card_declined,2026-09-15T17:59:03
T0552,C1097,937.2,failed,card_declined,2026-09-19T11:59:03
T0553,C1132,5594.52,success,,2026-09-18T13:59:03
T0554,C1092,688.9,success,,2026-09-20T01:59:03
T0555,C1193,2351.79,success,,2026-09-12T19:59:03
T0556,C1176,794.94,success,,2026-09-21T13:59:03
T0557,C1175,1001.36,success,,2026-09-22T20:59:03
T0558,C1031,2742.1,success,,2026-09-16T06:59:03
T0559,C1046,961.42,success,,2026-09-14T16:59:03
T0560,C1112,473.05,success,,2026-09-24T05:59:03
T0561,C1080,15164.18,success,,2026-09-16T03:59:03
T0562,C1158,284.3,failed,card_declined,2026-09-24T09:59:03
T0563,C1155,2959.9,success,,2026-09-12T14:59:03
T0564,C1167,237.44,failed,insufficient_funds,2026-09-28T18:59:03
T0565,C1106,16526.2,success,,2026-09-19T17:59:03
T0566,C1103,1863.21,failed,insufficient_funds,2026-09-13T21:59:03
T0567,C1150,1784.58,failed,insufficient_funds,2026-09-14T15:59:03
T0568,C1018,770.83,success,,2026-09-27T09:59:03
T0569,C1176,2375.68,success,,2026-09-13T02:59:03
T0570,C1147,1079.76,failed,card_declined,2026-09-09T06:59:03
T0571,C1167,2963.87,failed,card_declined,2026-09-19T18:59:03
T0572,C1109,1559.69,success,,2026-09-13T18:59:03
T0573,C1076,3165.81,success,,2026-09-22T17:59:03
T0574,C1008,3029.45,failed,card_declined,2026-09-21T23:59:03
T0575,C1011,1310.43,failed,do_not_honor,2026-09-19T02:59:03
T0576,C1001,434.41,success,,2026-09-09T07:59:03
T0577,C1168,7651.15,success,,2026-09-19T14:59:03
T0578,C1128,4223.04,success,,2026-09-23T17:59:03
T0579,C1113,668.31,success,,2026-09-20T08:59:03
T0580,C1012,3252.16,success,,2026-09-20T11:59:03
T0581,C1020,4610.4,success,,2026-09-13T00:59:03
T0582,C1097,819.48,success,,2026-09-21T19:59:03
T0583,C1077,871.5,success,,2026-09-27T06:59:03
T0584,C1147,4658.19,success,,2026-09-26T11:59:03
T0585,C1073,3677.25,success,,2026-09-24T18:59:03
T0586,C1012,555.02,success,,2026-09-21T11:59:03
T0587,C1186,1210.22,success,,2026-09-11T10:59:03
T0588,C1130,717.88,success,,2026-09-25T18:59:03
T0589,C1122,3128.91,failed,card_declined,2026-09-24T16:59:03
T0590,C1029,649.26,failed,card_declined,2026-09-12T17:59:03
T0591,C1120,1598.42,success,,2026-09-25T03:59:03
T0592,C1124,973.49,success,,2026-09-15T12:59:03
T0593,C1056,1111.01,success,,2026-09-12T19:59:03
T0594,C1113,1480.44,success,,2026-09-16T13:59:03
T0595,C1107,1276.57,success,,2026-09-09T04:59:03
T0596,C1046,707.58,success,,2026-09-15T04:59:03
T0597,C1031,1560.7,success,,2026-09-15T14:59:03
T0598,C1183,1751.47,success,,2026-09-15T12:59:03
T0599,C1200,3415.56,success,,2026-09-19T12:59:03
T0600,C1044,4120.16,failed,insufficient_funds,2026-09-22T10:59:03
T0601,C1172,5432.98,success,,2026-09-16T07:59:03
T0602,C1074,6442.44,failed,insufficient_funds,2026-09-22T07:59:03
T0603,C1101,9380.31,success,,2026-09-28T02:59:03
T0604,C1055,305.14,failed,gateway_error,2026-09-27T06:59:03
T0605,C1166,1021.68,success,,2026-09-10T16:59:03
T0606,C1048,3315.24,failed,insufficient_funds,2026-09-20T17:59:03
T0607,C1109,871.62,success,,2026-09-17T02:59:03
T0608,C1069,2579.22,success,,2026-09-13T03:59:03
T0609,C1132,298.48,success,,2026-09-19T07:59:03
T0610,C1162,690.33,success,,2026-09-16T17:59:03
T0611,C1067,242.3,success,,2026-09-22T01:59:03
T0612,C1089,451.67,success,,2026-09-18T05:59:03
T0613,C1097,1425.61,failed,card_declined,2026-09-26T17:59:03
T0614,C1018,3506.64,success,,2026-09-11T01:59:03
T0615,C1188,1454.85,success,,2026-09-13T16:59:03
T0616,C1161,716.59,failed,expired_card,2026-09-28T01:59:03
T0617,C1131,1710.39,failed,insufficient_funds,2026-09-19T13:59:03
T0618,C1019,2347.39,success,,2026-09-15T21:59:03
T0619,C1035,1317.64,failed,insufficient_funds,2026-09-22T21:59:03
T0620,C1085,4575.69,success,,2026-09-12T09:59:03
T0621,C1072,4526.33,success,,2026-09-16T03:59:03
T0622,C1196,2941.33,failed,expired_card,2026-09-21T18:59:03
T0623,C1068,8329.18,failed,card_declined,2026-09-14T10:59:03
T0624,C1007,115.22,success,,2026-09-23T12:59:03
T0625,C1139,1653.13,success,,2026-09-14T21:59:03
T0626,C1184,1524.95,success,,2026-09-16T01:59:03
T0627,C1145,2620.18,success,,2026-09-21T19:59:03
T0628,C1131,4797.29,failed,expired_card,2026-09-09T08:59:03
T0629,C1062,2434.65,success,,2026-09-14T22:59:03
T0630,C1140,709.44,success,,2026-09-20T13:59:03
T0631,C1131,3635.76,failed,expired_card,2026-09-27T02:59:03
T0632,C1086,4478.59,success,,2026-09-20T21:59:03
T0633,C1045,1054.91,success,,2026-09-21T21:59:03
T0634,C1119,3081.67,success,,2026-09-14T14:59:03
T0635,C1003,3982.32,success,,2026-09-13T03:59:03
T0636,C1116,4521.39,success,,2026-09-09T10:59:03
T0637,C1197,306.21,success,,2026-09-15T03:59:03
T0638,C1028,1105.58,success,,2026-09-18T01:59:03
T0639,C1192,1200.89,success,,2026-09-21T04:59:03
T0640,C1009,1482.68,success,,2026-09-24T08:59:03
T0641,C1181,649.57,success,,2026-09-12T13:59:03
T0642,C1151,958.58,success,,2026-09-24T02:59:03
T0643,C1139,5456.34,success,,2026-09-25T14:59:03
T0644,C1158,309.77,failed,gateway_error,2026-09-26T18:59:03
T0645,C1147,6661.31,success,,2026-09-17T09:59:03
T0646,C1184,4307.1,success,,2026-09-10T01:59:03
T0647,C1094,2008.91,success,,2026-09-14T19:59:03
T0648,C1042,721.16,success,,2026-09-12T13:59:03
T0649,C1180,1481.21,success,,2026-09-16T04:59:03
T0650,C1053,1763.12,success,,2026-09-25T10:59:03
T0651,C1170,2418.18,failed,expired_card,2026-09-15T14:59:03
T0652,C1146,693.58,success,,2026-09-25T09:59:03
T0653,C1019,1515.04,success,,2026-09-27T23:59:03
T0654,C1089,133.24,success,,2026-09-14T11:59:03
T0655,C1164,2068.46,success,,2026-09-19T10:59:03
T0656,C1144,205.05,success,,2026-09-12T20:59:03
T0657,C1168,9083.88,success,,2026-09-19T08:59:03
T0658,C1041,9513.83,failed,card_declined,2026-09-11T15:59:03
T0659,C1026,1436.02,success,,2026-09-09T15:59:03
T0660,C1032,721.35,success,,2026-09-21T01:59:03
T0661,C1114,4519.28,success,,2026-09-16T17:59:03
T0662,C1135,4811.53,success,,2026-09-19T01:59:03
T0663,C1005,1124.55,success,,2026-09-12T07:59:03
T0664,C1079,594.25,success,,2026-09-17T15:59:03
T0665,C1034,908.66,success,,2026-09-25T11:59:03
T0666,C1097,1245.31,success,,2026-09-11T19:59:03
T0667,C1079,5649.56,success,,2026-09-10T07:59:03
T0668,C1016,4521.94,failed,expired_card,2026-09-10T06:59:03
T0669,C1175,159.81,success,,2026-09-08T23:59:03
T0670,C1108,12576.52,failed,gateway_error,2026-09-10T18:59:03
T0671,C1003,6397.15,failed,card_declined,2026-09-25T11:59:03
T0672,C1076,213.23,success,,2026-09-09T14:59:03
T0673,C1161,602.54,success,,2026-09-11T04:59:03
T0674,C1176,5289.85,success,,2026-09-09T11:59:03
T0675,C1107,736.53,failed,insufficient_funds,2026-09-21T11:59:03
T0676,C1191,3219.13,success,,2026-09-20T01:59:03
T0677,C1157,1812.55,failed,insufficient_funds,2026-09-23T21:59:03
T0678,C1001,574.03,success,,2026-09-27T04:59:03
T0679,C1019,2324.18,success,,2026-09-28T07:59:03
T0680,C1031,3121.75,success,,2026-09-26T19:59:03
T0681,C1165,203.29,success,,2026-09-15T01:59:03
T0682,C1145,2199.52,success,,2026-09-25T19:59:03
T0683,C1160,6719.08,failed,card_declined,2026-09-11T05:59:03
T0684,C1077,139.27,success,,2026-09-11T04:59:03
T0685,C1153,333.15,failed,expired_card,2026-09-19T08:59:03
T0686,C1151,665.97,success,,2026-09-09T14:59:03
T0687,C1048,196.97,failed,card_declined,2026-09-11T02:59:03
T0688,C1099,3210.52,failed,do_not_honor,2026-09-15T22:59:03
T0689,C1068,2401.96,success,,2026-09-26T13:59:03
T0690,C1042,962.78,success,,2026-09-23T20:59:03
T0691,C1122,2899.02,success,,2026-09-27T21:59:03
T0692,C1200,363.61,failed,expired_card,2026-09-15T15:59:03
T0693,C1005,1606.33,success,,2026-09-26T13:59:03
T0694,C1008,2043.29,success,,2026-09-18T06:59:03
T0695,C1045,1381.44,success,,2026-09-28T13:59:03
T0696,C1044,1814.66,success,,2026-09-16T15:59:03
T0697,C1183,5577.75,failed,card_declined,2026-09-19T18:59:03
T0698,C1193,586.47,failed,insufficient_funds,2026-09-16T17:59:03
T0699,C1069,2015.26,success,,2026-09-14T17:59:03
T0700,C1098,445.59,success,,2026-09-17T17:59:03
T0701,C1192,110.25,success,,2026-09-27T11:59:03
T0702,C1040,2328.66,success,,2026-09-17T07:59:03
T0703,C1164,3566.42,success,,2026-09-18T02:59:03
T0704,C1024,14367.2,success,,2026-09-20T14:59:03
T0705,C1075,1636.49,success,,2026-09-27T23:59:03
T0706,C1028,1701.83,success,,2026-09-20T22:59:03
T0707,C1151,3380.21,failed,card_declined,2026-09-12T02:59:03
T0708,C1162,797.77,failed,card_declined,2026-09-14T21:59:03
T0709,C1029,874.92,success,,2026-09-12T10:59:03
T0710,C1187,1325.98,success,,2026-09-12T18:59:03
T0711,C1175,3488.67,success,,2026-09-27T23:59:03
T0712,C1163,3013.62,success,,2026-09-21T16:59:03
T0713,C1173,2283.4,success,,2026-09-25T04:59:03
T0714,C1055,5509.39,success,,2026-09-14T07:59:03
T0715,C1035,3527.54,success,,2026-09-14T01:59:03
T0716,C1160,235.26,success,,2026-09-25T00:59:03
T0717,C1073,1108.0,success,,2026-09-27T13:59:03
T0718,C1160,768.53,success,,2026-09-19T03:59:03
T0719,C1099,2124.69,failed,card_declined,2026-09-12T00:59:03
T0720,C1133,306.54,failed,card_declined,2026-09-09T00:59:03
T0721,C1069,686.27,success,,2026-09-20T10:59:03
T0722,C1032,7301.84,success,,2026-09-17T07:59:03
T0723,C1158,1612.79,success,,2026-09-28T03:59:03
T0724,C1099,366.94,success,,2026-09-24T20:59:03
T0725,C1074,1515.57,success,,2026-09-10T12:59:03
T0726,C1147,3813.01,success,,2026-09-10T10:59:03
T0727,C1021,2212.13,success,,2026-09-23T02:59:03
T0728,C1107,965.67,failed,insufficient_funds,2026-09-09T22:59:03
T0729,C1085,4419.81,success,,2026-09-19T12:59:03
T0730,C1137,1366.45,success,,2026-09-20T16:59:03
T0731,C1016,324.6,success,,2026-09-24T22:59:03
T0732,C1030,493.13,success,,2026-09-18T07:59:03
T0733,C1067,827.85,success,,2026-09-11T21:59:03
T0734,C1153,379.18,success,,2026-09-11T19:59:03
T0735,C1014,4579.36,failed,insufficient_funds,2026-09-19T17:59:03
T0736,C1168,3323.31,success,,2026-09-11T08:59:03
T0737,C1163,1471.47,failed,card_declined,2026-09-26T17:59:03
T0738,C1108,1354.4,failed,expired_card,2026-09-22T09:59:03
T0739,C1189,1108.34,success,,2026-09-13T14:59:03
T0740,C1147,1777.7,success,,2026-09-14T04:59:03
T0741,C1149,657.38,success,,2026-09-19T09:59:03
T0742,C1067,1497.18,failed,gateway_error,2026-09-21T09:59:03
T0743,C1126,2825.37,success,,2026-09-19T15:59:03
T0744,C1003,4869.13,success,,2026-09-12T00:59:03
T0745,C1010,1523.99,success,,2026-09-27T07:59:03
T0746,C1192,850.32,success,,2026-09-20T06:59:03
T0747,C1151,2611.18,success,,2026-09-11T19:59:03
T0748,C1081,3233.13,success,,2026-09-25T12:59:03
T0749,C1164,3843.72,success,,2026-09-25T20:59:03
T0750,C1091,1585.95,success,,2026-09-14T10:59:03
T0751,C1110,918.96,success,,2026-09-28T04:59:03
T0752,C1123,3753.84,failed,card_declined,2026-09-15T03:59:03
T0753,C1199,195.19,success,,2026-09-20T17:59:03
T0754,C1066,360.6,success,,2026-09-28T05:59:03
T0755,C1113,3845.54,success,,2026-09-14T10:59:03
T0756,C1008,1717.51,success,,2026-09-21T00:59:03
T0757,C1178,139.77,success,,2026-09-12T15:59:03
T0758,C1060,594.6,failed,card_declined,2026-09-21T02:59:03
T0759,C1106,2261.59,success,,2026-09-15T01:59:03
T0760,C1200,2549.32,success,,2026-09-26T11:59:03
T0761,C1024,4178.06,failed,card_declined,2026-09-17T20:59:03
T0762,C1191,6910.36,success,,2026-09-16T22:59:03
T0763,C1110,8332.8,failed,gateway_error,2026-09-13T21:59:03
T0764,C1158,1237.76,success,,2026-09-15T20:59:03
T0765,C1164,1079.03,success,,2026-09-09T08:59:03
T0766,C1124,3802.92,success,,2026-09-24T15:59:03
T0767,C1142,998.03,failed,gateway_error,2026-09-19T06:59:03
T0768,C1038,650.28,failed,expired_card,2026-09-27T01:59:03
T0769,C1054,1854.27,success,,2026-09-10T21:59:03
T0770,C1032,1876.57,success,,2026-09-14T16:59:03
T0771,C1110,3600.01,success,,2026-09-27T12:59:03
T0772,C1028,1281.51,success,,2026-09-22T17:59:03
T0773,C1125,4011.79,success,,2026-09-10T18:59:03
T0774,C1194,2978.34,failed,expired_card,2026-09-13T23:59:03
T0775,C1062,216.22,success,,2026-09-11T23:59:03
T0776,C1142,381.78,success,,2026-09-24T03:59:03
T0777,C1019,4280.25,failed,card_declined,2026-09-25T22:59:03
T0778,C1136,4742.13,failed,insufficient_funds,2026-09-21T05:59:03
T0779,C1023,804.06,success,,2026-09-21T01:59:03
T0780,C1017,1349.8,success,,2026-09-17T03:59:03
T0781,C1032,624.11,failed,gateway_error,2026-09-27T12:59:03
T0782,C1034,1559.09,success,,2026-09-13T14:59:03
T0783,C1027,5430.82,success,,2026-09-17T16:59:03
T0784,C1151,254.9,success,,2026-09-20T04:59:03
T0785,C1169,196.32,success,,2026-09-27T08:59:03
T0786,C1128,311.12,failed,card_declined,2026-09-27T08:59:03
T0787,C1086,315.45,success,,2026-09-14T09:59:03
T0788,C1009,1754.45,success,,2026-09-26T04:59:03
T0789,C1076,1669.98,success,,2026-09-12T06:59:03
T0790,C1145,1038.98,success,,2026-09-16T09:59:03
T0791,C1194,1389.59,failed,do_not_honor,2026-09-19T16:59:03
T0792,C1028,841.44,success,,2026-09-10T09:59:03
T0793,C1102,1092.06,failed,card_declined,2026-09-25T15:59:03
T0794,C1013,4830.85,success,,2026-09-25T11:59:03
T0795,C1040,6682.86,success,,2026-09-13T18:59:03
T0796,C1025,3189.14,failed,do_not_honor,2026-09-17T20:59:03
T0797,C1104,592.57,success,,2026-09-10T20:59:03
T0798,C1092,1560.21,failed,card_declined,2026-09-17T03:59:03
T0799,C1107,1395.18,success,,2026-09-15T13:59:03
T0800,C1113,2657.12,success,,2026-09-17T12:59:03
T0801,C1116,989.44,failed,expired_card,2026-09-16T06:59:03
T0802,C1188,5690.64,success,,2026-09-25T15:59:03
T0803,C1067,5150.42,failed,expired_card,2026-09-09T16:59:03
T0804,C1104,1924.7,success,,2026-09-10T22:59:03
T0805,C1055,1608.24,success,,2026-09-28T00:59:03
T0806,C1008,852.52,success,,2026-09-28T07:59:03
T0807,C1108,503.88,failed,do_not_honor,2026-09-12T11:59:03
T0808,C1057,606.56,success,,2026-09-15T00:59:03
T0809,C1193,1547.97,failed,insufficient_funds,2026-09-15T17:59:03
T0810,C1096,414.94,success,,2026-09-18T07:59:03
T0811,C1068,128.11,success,,2026-09-17T06:59:03
T0812,C1117,743.82,success,,2026-09-22T11:59:03
T0813,C1189,3309.6,success,,2026-09-11T17:59:03
T0814,C1070,319.83,success,,2026-09-20T06:59:03
T0815,C1048,899.99,success,,2026-09-27T08:59:03
T0816,C1051,2770.13,success,,2026-09-25T13:59:03
T0817,C1057,3111.63,success,,2026-09-18T14:59:03
T0818,C1089,1009.73,success,,2026-09-21T15:59:03
T0819,C1117,1359.12,success,,2026-09-22T05:59:03
T0820,C1076,1336.3,success,,2026-09-22T02:59:03
T0821,C1045,2114.24,success,,2026-09-10T13:59:03
T0822,C1177,1796.74,success,,2026-09-20T09:59:03
T0823,C1155,6480.41,failed,insufficient_funds,2026-09-16T22:59:03
T0824,C1163,4143.57,failed,card_declined,2026-09-26T07:59:03
T0825,C1079,791.33,failed,card_declined,2026-09-26T20:59:03
T0826,C1153,4534.51,failed,do_not_honor,2026-09-10T11:59:03
T0827,C1114,6562.89,success,,2026-09-23T14:59:03
T0828,C1102,731.29,success,,2026-09-09T16:59:03
T0829,C1078,1170.51,failed,insufficient_funds,2026-09-16T14:59:03
T0830,C1033,192.81,success,,2026-09-24T20:59:03
T0831,C1064,2688.39,success,,2026-09-18T06:59:03
T0832,C1041,13681.5,success,,2026-09-18T22:59:03
T0833,C1183,1968.06,success,,2026-09-22T08:59:03
T0834,C1013,2337.69,success,,2026-09-26T23:59:03
T0835,C1159,532.11,success,,2026-09-18T03:59:03
T0836,C1112,6679.86,success,,2026-09-23T18:59:03
T0837,C1013,235.06,failed,insufficient_funds,2026-09-27T20:59:03
T0838,C1100,1437.07,success,,2026-09-16T04:59:03
T0839,C1196,984.38,success,,2026-09-14T23:59:03
T0840,C1001,953.7,success,,2026-09-22T19:59:03
T0841,C1029,291.29,success,,2026-09-10T20:59:03
T0842,C1114,197.42,failed,card_declined,2026-09-23T06:59:03
T0843,C1031,1486.58,success,,2026-09-12T14:59:03
T0844,C1194,4318.99,success,,2026-09-27T22:59:03
T0845,C1067,1735.93,success,,2026-09-16T18:59:03
T0846,C1164,2595.87,success,,2026-09-21T04:59:03
T0847,C1186,617.88,success,,2026-09-27T08:59:03
T0848,C1192,2767.71,success,,2026-09-19T07:59:03
T0849,C1036,3115.14,success,,2026-09-22T22:59:03
T0850,C1180,1259.0,success,,2026-09-15T14:59:03
T0851,C1033,814.34,success,,2026-09-26T09:59:03
T0852,C1134,5505.85,failed,card_declined,2026-09-20T22:59:03
T0853,C1030,793.05,success,,2026-09-21T16:59:03
T0854,C1167,2518.42,success,,2026-09-21T02:59:03
T0855,C1085,1862.42,success,,2026-09-24T16:59:03
T0856,C1022,458.69,success,,2026-09-20T08:59:03
T0857,C1186,3018.74,success,,2026-09-27T22:59:03
T0858,C1100,727.68,failed,expired_card,2026-09-11T18:59:03
T0859,C1128,994.56,success,,2026-09-19T04:59:03
T0860,C1052,554.35,failed,gateway_error,2026-09-25T22:59:03
T0861,C1001,4519.47,success,,2026-09-15T20:59:03
T0862,C1025,2333.75,success,,2026-09-20T12:59:03
T0863,C1052,1359.24,success,,2026-09-13T03:59:03
T0864,C1017,1598.64,success,,2026-09-16T06:59:03
T0865,C1021,2780.72,success,,2026-09-11T05:59:03
T0866,C1081,1028.62,success,,2026-09-18T11:59:03
T0867,C1077,515.68,success,,2026-09-22T12:59:03
T0868,C1124,668.94,success,,2026-09-28T13:59:03
T0869,C1141,4167.91,success,,2026-09-14T13:59:03
T0870,C1062,2025.14,failed,insufficient_funds,2026-09-22T08:59:03
T0871,C1103,1413.02,success,,2026-09-13T10:59:03
T0872,C1050,505.71,success,,2026-09-15T11:59:03
T0873,C1005,2700.83,failed,insufficient_funds,2026-09-14T22:59:03
T0874,C1161,4358.13,success,,2026-09-12T08:59:03
T0875,C1084,3424.59,success,,2026-09-24T01:59:03
T0876,C1001,3323.03,success,,2026-09-16T11:59:03
T0877,C1097,579.78,success,,2026-09-17T17:59:03
T0878,C1108,1871.98,success,,2026-09-15T16:59:03
T0879,C1152,2417.11,success,,2026-09-20T19:59:03
T0880,C1026,925.78,failed,expired_card,2026-09-28T05:59:03
T0881,C1110,710.97,success,,2026-09-13T23:59:03
T0882,C1141,1935.63,failed,card_declined,2026-09-22T05:59:03
T0883,C1190,1387.42,success,,2026-09-20T02:59:03
T0884,C1107,704.95,success,,2026-09-20T03:59:03
T0885,C1154,158.25,success,,2026-09-15T20:59:03
T0886,C1190,2354.5,success,,2026-09-10T07:59:03
T0887,C1128,879.02,success,,2026-09-13T09:59:03
T0888,C1074,2202.0,failed,card_declined,2026-09-24T11:59:03
T0889,C1110,1854.23,success,,2026-09-14T18:59:03
T0890,C1133,3368.98,success,,2026-09-20T21:59:03
T0891,C1172,410.0,success,,2026-09-25T05:59:03
T0892,C1015,1195.17,success,,2026-09-17T13:59:03
T0893,C1053,519.31,success,,2026-09-21T08:59:03
T0894,C1009,2262.41,success,,2026-09-10T09:59:03
T0895,C1171,1036.35,success,,2026-09-15T04:59:03
T0896,C1051,1838.89,success,,2026-09-23T06:59:03
T0897,C1147,1317.6,success,,2026-09-24T19:59:03
T0898,C1083,1043.33,success,,2026-09-22T23:59:03
T0899,C1051,1452.95,success,,2026-09-24T02:59:03
T0900,C1149,9044.56,success,,2026-09-22T13:59:03
T0901,C1009,1686.79,success,,2026-09-13T21:59:03
T0902,C1127,1274.09,failed,expired_card,2026-09-22T03:59:03
T0903,C1039,687.55,success,,2026-09-16T23:59:03
T0904,C1144,3305.68,success,,2026-09-11T22:59:03
T0905,C1058,799.12,success,,2026-09-22T18:59:03
T0906,C1107,565.9,failed,expired_card,2026-09-20T19:59:03
T0907,C1070,6766.15,success,,2026-09-20T11:59:03
T0908,C1127,1355.05,success,,2026-09-12T10:59:03
T0909,C1172,5293.07,success,,2026-09-22T17:59:03
T0910,C1031,5115.76,failed,do_not_honor,2026-09-27T05:59:03
T0911,C1084,588.08,success,,2026-09-19T11:59:03
T0912,C1015,584.03,success,,2026-09-12T23:59:03
T0913,C1196,1801.62,success,,2026-09-24T14:59:03
T0914,C1086,9041.53,success,,2026-09-23T03:59:03
T0915,C1117,9707.53,success,,2026-09-14T01:59:03
T0916,C1016,2354.31,success,,2026-09-26T14:59:03
T0917,C1122,4487.14,success,,2026-09-16T09:59:03
T0918,C1096,893.21,failed,card_declined,2026-09-09T14:59:03
T0919,C1117,3189.31,success,,2026-09-15T07:59:03
T0920,C1118,2295.34,failed,card_declined,2026-09-21T20:59:03
T0921,C1156,2135.94,success,,2026-09-26T18:59:03
T0922,C1012,1364.98,success,,2026-09-25T23:59:03
T0923,C1024,1355.39,failed,insufficient_funds,2026-09-09T02:59:03
T0924,C1114,395.29,failed,expired_card,2026-09-10T03:59:03
T0925,C1137,4292.75,success,,2026-09-18T17:59:03
T0926,C1026,1090.96,success,,2026-09-12T18:59:03
T0927,C1047,1200.79,success,,2026-09-22T01:59:03
T0928,C1025,300.68,success,,2026-09-27T15:59:03
T0929,C1190,2621.8,success,,2026-09-27T00:59:03
T0930,C1065,32917.41,success,,2026-09-23T23:59:03
T0931,C1140,2009.88,success,,2026-09-13T11:59:03
T0932,C1006,909.48,success,,2026-09-28T02:59:03
T0933,C1116,352.49,success,,2026-09-25T04:59:03
T0934,C1049,1729.69,success,,2026-09-11T01:59:03
T0935,C1055,4021.5,failed,do_not_honor,2026-09-11T01:59:03
T0936,C1182,1139.33,success,,2026-09-18T08:59:03
T0937,C1104,4731.09,failed,expired_card,2026-09-10T07:59:03
T0938,C1112,1563.9,success,,2026-09-10T05:59:03
T0939,C1185,188.21,failed,card_declined,2026-09-16T01:59:03
T0940,C1018,1047.91,failed,do_not_honor,2026-09-22T20:59:03
T0941,C1187,2321.8,success,,2026-09-15T05:59:03
T0942,C1144,1657.94,success,,2026-09-18T09:59:03
T0943,C1169,1774.05,success,,2026-09-26T01:59:03
T0944,C1024,1547.41,success,,2026-09-18T22:59:03
T0945,C1149,296.36,success,,2026-09-11T15:59:03
T0946,C1055,496.9,failed,card_declined,2026-09-19T03:59:03
T0947,C1108,19619.09,success,,2026-09-13T14:59:03
T0948,C1197,660.74,failed,expired_card,2026-09-12T01:59:03
T0949,C1001,2840.78,success,,2026-09-14T12:59:03
T0950,C1170,454.26,success,,2026-09-25T04:59:03
T0951,C1063,477.98,success,,2026-09-15T06:59:03
T0952,C1102,4287.17,success,,2026-09-11T06:59:03
T0953,C1081,94.46,success,,2026-09-21T22:59:03
T0954,C1108,2360.32,failed,expired_card,2026-09-24T23:59:03
T0955,C1010,1620.02,success,,2026-09-18T17:59:03
T0956,C1173,4259.54,success,,2026-09-23T14:59:03
T0957,C1118,2765.96,failed,insufficient_funds,2026-09-19T09:59:03
T0958,C1163,359.42,success,,2026-09-21T21:59:03
T0959,C1099,1550.47,success,,2026-09-13T11:59:03
T0960,C1069,2395.62,success,,2026-09-23T08:59:03
T0961,C1058,389.09,success,,2026-09-14T03:59:03
T0962,C1136,1365.37,failed,expired_card,2026-09-18T23:59:03
T0963,C1171,499.17,success,,2026-09-20T06:59:03
T0964,C1199,331.47,success,,2026-09-09T05:59:03
T0965,C1075,2520.58,success,,2026-09-13T21:59:03
T0966,C1153,1505.59,success,,2026-09-14T04:59:03
T0967,C1179,706.02,failed,do_not_honor,2026-09-22T14:59:03
T0968,C1196,2313.82,success,,2026-09-24T04:59:03
T0969,C1005,5378.09,failed,card_declined,2026-09-25T15:59:03
T0970,C1143,683.58,success,,2026-09-15T23:59:03
T0971,C1105,179.23,success,,2026-09-13T22:59:03
T0972,C1164,1930.2,success,,2026-09-18T20:59:03
T0973,C1031,2233.43,success,,2026-09-11T19:59:03
T0974,C1012,1467.99,success,,2026-09-24T06:59:03
T0975,C1063,666.68,success,,2026-09-14T09:59:03
T0976,C1106,772.11,success,,2026-09-10T06:59:03
T0977,C1151,379.18,success,,2026-09-17T16:59:03
T0978,C1198,2847.69,success,,2026-09-13T21:59:03
T0979,C1063,4988.71,success,,2026-09-09T08:59:03
T0980,C1001,804.67,success,,2026-09-27T14:59:03
T0981,C1114,545.92,success,,2026-09-09T15:59:03
T0982,C1138,495.01,success,,2026-09-16T16:59:03
T0983,C1170,3548.44,success,,2026-09-25T09:59:03
T0984,C1002,9442.7,success,,2026-09-17T19:59:03
T0985,C1141,277.86,success,,2026-09-14T09:59:03
T0986,C1184,582.37,failed,insufficient_funds,2026-09-26T23:59:03
T0987,C1020,2392.06,success,,2026-09-19T09:59:03
T0988,C1144,1173.65,success,,2026-09-19T05:59:03
T0989,C1002,1493.7,failed,insufficient_funds,2026-09-16T21:59:03
T0990,C1025,358.33,failed,insufficient_funds,2026-09-11T16:59:03
T0991,C1112,153.34,success,,2026-09-28T10:59:03
T0992,C1185,3319.51,success,,2026-09-11T11:59:03
T0993,C1067,2085.87,failed,card_declined,2026-09-27T08:59:03
T0994,C1151,1710.36,failed,insufficient_funds,2026-09-27T13:59:03
T0995,C1163,733.75,success,,2026-09-27T15:59:03
T0996,C1052,2780.17,success,,2026-09-27T10:59:03
T0997,C1145,872.25,success,,2026-09-18T20:59:03
T0998,C1068,389.81,failed,insufficient_funds,2026-09-12T12:59:03
T0999,C1001,646.23,failed,expired_card,2026-09-13T08:59:03
T1000,C1051,3756.71,success,,2026-09-19T22:59:03
T0319,C1030,1100.09,success,,2026-09-21T19:59:03
T0050,C1080,737.27,success,,2026-09-16T21:59:03
T0447,C1138,392.61,failed,card_declined,2026-09-21T01:59:03
T0143,C1085,239.69,success,,2026-09-28T19:59:03
